{"stats":{"minecraft:dropped":{"minecraft:diamond_sword":1,"minecraft:sand":1,"minecraft:red_mushroom":1},"minecraft:custom":{"minecraft:jump":90,"minecraft:time_since_rest":19919,"minecraft:damage_dealt":10,"minecraft:crouch_one_cm":313,"minecraft:leave_game":1,"minecraft:walk_on_water_one_cm":78,"minecraft:play_time":19919,"minecraft:damage_taken":60,"minecraft:time_since_death":19919,"minecraft:walk_one_cm":42853,"minecraft:sneak_time":108,"minecraft:total_world_time":19919,"minecraft:drop":3,"minecraft:fly_one_cm":19386},"minecraft:picked_up":{"minecraft:sand":1,"minecraft:red_mushroom":1},"minecraft:mined":{"minecraft:grass":2}},"DataVersion":3465}