{"stats":{"minecraft:dropped":{"minecraft:leather":1,"minecraft:beef":1},"minecraft:killed":{"minecraft:cow":1},"minecraft:custom":{"minecraft:jump":20,"minecraft:time_since_rest":3160,"minecraft:damage_dealt":160,"minecraft:leave_game":1,"minecraft:sprint_one_cm":211,"minecraft:play_time":3160,"minecraft:time_since_death":3160,"minecraft:walk_one_cm":5037,"minecraft:total_world_time":3160,"minecraft:mob_kills":1,"minecraft:drop":2,"minecraft:fly_one_cm":7639},"minecraft:picked_up":{"minecraft:beef":1,"minecraft:leather":1}},"DataVersion":3465}