{"stats":{"minecraft:dropped":{"minecraft:red_mushroom":1},"minecraft:custom":{"minecraft:time_since_rest":9773,"minecraft:crouch_one_cm":247,"minecraft:play_time":9773,"minecraft:sprint_one_cm":14493,"minecraft:damage_taken":70,"minecraft:walk_one_cm":16453,"minecraft:sneak_time":66,"minecraft:walk_under_water_one_cm":339,"minecraft:drop":1,"minecraft:jump":95,"minecraft:damage_dealt":60,"minecraft:leave_game":1,"minecraft:time_since_death":9773,"minecraft:walk_on_water_one_cm":256,"minecraft:total_world_time":9773,"minecraft:swim_one_cm":437,"minecraft:fall_one_cm":3117,"minecraft:fly_one_cm":18723},"minecraft:used":{"minecraft:sand":14,"minecraft:dirt":1,"minecraft:crossbow":2},"minecraft:picked_up":{"minecraft:diamond_sword":1,"minecraft:red_mushroom":2,"minecraft:sand":14,"minecraft:dirt":1},"minecraft:mined":{"minecraft:grass_block":1,"minecraft:sand":15,"minecraft:red_mushroom_block":8}},"DataVersion":3465}